Solver,Layer,Accuracy Train,Accuracy Test,Precision Train,Precision Test,Recall Train,Recall Test,AUC Train,AUC Test
lbfgs,"(10,)",0.971830985915493,1.0,0.9733333333333333,1.0,0.9733333333333333,1.0,0.98,1.0
lbfgs,"(10, 10)",0.7746478873239436,0.7777777777777778,0.7681159420289855,0.6444444444444444,0.8632478632478633,0.7222222222222223,1.0,0.9846153846153847
lbfgs,"(10, 10, 10)",0.6619718309859155,0.8333333333333334,0.6544927536231885,0.6666666666666666,0.8297872340425533,0.5897435897435898,0.9591304347826087,1.0
sgd,"(10,)",0.323943661971831,0.16666666666666666,0.3333333333333333,0.3333333333333333,0.107981220657277,0.05555555555555555,0.5,0.5
sgd,"(10, 10)",0.323943661971831,0.16666666666666666,0.3333333333333333,0.3333333333333333,0.107981220657277,0.05555555555555555,0.5,0.5
sgd,"(10, 10, 10)",0.323943661971831,0.5555555555555556,0.3333333333333333,0.3333333333333333,0.107981220657277,0.1851851851851852,0.5,0.5
adam,"(10,)",0.7323943661971831,0.8888888888888888,0.7246376811594203,0.7777777777777777,0.846576227390181,0.9047619047619048,0.8043478260869565,0.923076923076923
adam,"(10, 10)",0.352112676056338,0.2777777777777778,0.3333333333333333,0.3333333333333333,0.11737089201877933,0.0925925925925926,0.5,0.5
adam,"(10, 10, 10)",0.352112676056338,0.2777777777777778,0.3333333333333333,0.3333333333333333,0.11737089201877933,0.0925925925925926,0.5,0.5
