Solver,Layer,Accuracy Train,Accuracy Test,Precision Train,Precision Test,Recall Train,Recall Test,AUC Train,AUC Test
lbfgs,"(10,)",0.9859154929577465,0.9444444444444444,0.9861111111111112,0.9444444444444445,0.9848484848484849,0.9444444444444445,0.9906914893617021,0.9652777777777777
lbfgs,"(10, 10)",0.39436619718309857,0.4444444444444444,0.3611111111111111,0.3888888888888889,0.45893719806763283,0.4705882352941176,0.5416666666666666,0.5833333333333334
lbfgs,"(10, 10, 10)",0.4084507042253521,0.4444444444444444,0.375,0.3888888888888889,0.46078431372549017,0.4705882352941176,0.5625,0.5833333333333334
sgd,"(10,)",0.29577464788732394,0.2777777777777778,0.3333333333333333,0.3333333333333333,0.09859154929577464,0.0925925925925926,0.5,0.5
sgd,"(10, 10)",0.29577464788732394,0.2777777777777778,0.3333333333333333,0.3333333333333333,0.09859154929577464,0.0925925925925926,0.5,0.5
sgd,"(10, 10, 10)",0.36619718309859156,0.3888888888888889,0.3333333333333333,0.3333333333333333,0.12206572769953052,0.12962962962962962,0.5,0.5
adam,"(10,)",0.7323943661971831,0.7777777777777778,0.6984126984126985,0.7333333333333334,0.8447971781305114,0.8666666666666667,0.8085106382978724,0.8333333333333333
adam,"(10, 10)",0.3380281690140845,0.3333333333333333,0.3333333333333333,0.3333333333333333,0.11267605633802817,0.1111111111111111,0.5,0.5
adam,"(10, 10, 10)",0.3380281690140845,0.3333333333333333,0.3333333333333333,0.3333333333333333,0.11267605633802817,0.1111111111111111,0.5,0.5
